Level,N_Eelgrass,N_No_Eelgrass,Mean_Eelgrass,Mean_No_Eelgrass,Difference,t_stat,p_value,Cohens_d,R_squared
Site,14,17,24.873480131382482,25.335900207453665,-0.46242007607118296,-0.10407767105854404,0.9178241789804893,-0.03756210599435888,0.00037338334704179
Individual,1698,259,18.95110718492344,22.14092664092664,-3.1898194560031996,-4.8756918258444975,1.1718083860483326e-06,-0.3252467274735836,0.012013696538136335
