Target,Model,R2,RMSE,MAE,Correlation,p-value
Mean Size,Linear Regression,-0.8262536432726899,14.2872483162492,11.246743521265124,-0.4180735665340943,0.05284078707888147
Mean Size,Ridge,-0.43137885071975157,12.648684014366053,10.13356402593915,-0.5970280152007994,0.0033517016236719504
Mean Size,Random Forest,-0.5379472387482924,13.111088944916053,9.969329945465773,-0.23456144016887254,0.2933875757631177
Median Size,Linear Regression,-1.1609943411731378,17.104555447071245,13.882031584204812,-0.49791747991412894,0.018364507543522087
Median Size,Ridge,-0.45618925298290547,14.040865758068387,11.784568497269625,-0.703295727191686,0.000260984949596534
Median Size,Random Forest,-0.5776285788815911,14.614614322355484,11.96389847140382,-0.3314176815792659,0.1318861839356495
Size Std,Linear Regression,-0.895139956307321,5.756602908242386,4.582286287943561,-0.41543379456255136,0.0545115650693108
Size Std,Ridge,-0.3682602485682269,4.891364007861957,3.9012404790102564,-0.49688791576337765,0.01864551178727664
Size Std,Random Forest,-0.32699432830325703,4.8170389944702725,4.092296236132771,-0.0892140488040969,0.6929801538186008
