Indicator,N_Present,N_Absent,Mean_Present,Mean_Absent,U_Statistic,P_Value
DiveSurvey_Eelgrass,32,79,4.381281570018909,1.1382559489895814,1696.5,0.002792219437611949
ShoreZone_Eelgrass,40,71,3.63291217367871,1.1944611727272338,1618.0,0.1971998784597735
