Exposure_Class,Spearman_rho,P_Value
EXP_CLASS_E,,
EXP_CLASS_P,0.18298299392051512,0.06299247666529821
EXP_CLASS_SE,-0.08254348449403762,0.4048274979880069
EXP_CLASS_SP,-0.1437966916842782,0.14530954010663324
EXP_CLASS_VP,0.060698615900701816,0.5404780976835883
